id,name,model_id:id,group_id:id,perm_read,perm_write,perm_create,perm_unlink
access_get_values,access.get.values,model_get_values,base.group_user,1,1,1,1


access_res_partner_dealer_sold_through,access.res.partner_dealer_sold_through,model_res_partner_dealer_sold_through,base.group_user,1,1,1,1
access_res_partner_system,access.res.partner_system,model_res_partner_system,base.group_user,1,1,1,1
access_res_partner_camera_system,access.res.partner_camera_system,model_res_partner_camera_system,base.group_user,1,1,1,1
access_res_partner_how_many_lots_,access.res.partner_how_many_lots_,model_res_partner_how_many_lots_,base.group_user,1,1,1,1
access_res_partner_competitor,access.res.partner_competitor,model_res_partner_competitor,base.group_user,1,1,1,1
access_res_partner_previous_camera_system,access.res.partner_previous_camera_system,model_res_partner_previous_camera_system,base.group_user,1,1,1,1


access_crm_lead_dealers_quoting_this_deal,access.crm.lead_dealers_quoting_this_deal,model_crm_lead_dealers_quoting_this_deal,base.group_user,1,1,1,1
access_crm_lead_product_s_considered,access.crm.lead_product_s_considered,model_crm_lead_product_s_considered,base.group_user,1,1,1,1


access_helpdesk_ticket_s247_product,access.helpdesk.ticket_s247_product,model_helpdesk_ticket_s247_product,base.group_user,1,1,1,1


access_res_partner_asta_al_,access.res.partner_asta_al_,model_res_partner_asta_al_,base.group_user,1,1,1,1
access_res_partner_aasbo_az_,access.res.partner_aasbo_az_,model_res_partner_aasbo_az_,base.group_user,1,1,1,1
access_res_partner_aapt_ar_,access.res.partner_aapt_ar_,model_res_partner_aapt_ar_,base.group_user,1,1,1,1
access_res_partner_wvapt_wv_,access.res.partner_wvapt_wv_,model_res_partner_wvapt_wv_,base.group_user,1,1,1,1
access_res_partner_wsba_wi_,access.res.partner_wsba_wi_,model_res_partner_wsba_wi_,base.group_user,1,1,1,1
access_res_partner_wpta_wy_,access.res.partner_wpta_wy_,model_res_partner_wpta_wy_,base.group_user,1,1,1,1
access_res_partner_wapt_wa_,access.res.partner_wapt_wa_,model_res_partner_wapt_wa_,base.group_user,1,1,1,1
access_res_partner_vapt_va_,access.res.partner_vapt_va_,model_res_partner_vapt_va_,base.group_user,1,1,1,1
access_res_partner_uapt_ut_,access.res.partner_uapt_ut_,model_res_partner_uapt_ut_,base.group_user,1,1,1,1
access_res_partner_tsd,access.res.partner_tsd,model_res_partner_tsd,base.group_user,1,1,1,1
access_res_partner_transfinder,access.res.partner_transfinder,model_res_partner_transfinder,base.group_user,1,1,1,1
access_res_partner_tapt_tx_,access.res.partner_tapt_tx_,model_res_partner_tapt_tx_,base.group_user,1,1,1,1
access_res_partner_tapt_tn_,access.res.partner_tapt_tn_,model_res_partner_tapt_tn_,base.group_user,1,1,1,1
access_res_partner_taa_az_,access.res.partner_taa_az_,model_res_partner_taa_az_,base.group_user,1,1,1,1
access_res_partner_sts_of_nj,access.res.partner_sts_of_nj,model_res_partner_sts_of_nj,base.group_user,1,1,1,1
access_res_partner_stn,access.res.partner_stn,model_res_partner_stn,base.group_user,1,1,1,1
access_res_partner_stai_in_,access.res.partner_stai_in_,model_res_partner_stai_in_,base.group_user,1,1,1,1
access_res_partner_sesptc,access.res.partner_sesptc,model_res_partner_sesptc,base.group_user,1,1,1,1
access_res_partner_scapt_sc_,access.res.partner_scapt_sc_,model_res_partner_scapt_sc_,base.group_user,1,1,1,1
access_res_partner_sbx,access.res.partner_sbx,model_res_partner_sbx,base.group_user,1,1,1,1
access_res_partner_osbma_oh_,access.res.partner_osbma_oh_,model_res_partner_osbma_oh_,base.group_user,1,1,1,1
access_res_partner_opta_or_,access.res.partner_opta_or_,model_res_partner_opta_or_,base.group_user,1,1,1,1
access_res_partner_oasbo_osba,access.res.partner_oasbo_osba,model_res_partner_oasbo_osba,base.group_user,1,1,1,1
access_res_partner_oasbo_on_,access.res.partner_oasbo_on_,model_res_partner_oasbo_on_,base.group_user,1,1,1,1
access_res_partner_oapt_ok_,access.res.partner_oapt_ok_,model_res_partner_oapt_ok_,base.group_user,1,1,1,1
access_res_partner_oapt_oh_,access.res.partner_oapt_oh_,model_res_partner_oapt_oh_,base.group_user,1,1,1,1
access_res_partner_nsta_summer,access.res.partner_nsta_summer,model_res_partner_nsta_summer,base.group_user,1,1,1,1
access_res_partner_nsta_national,access.res.partner_nsta_national,model_res_partner_nsta_national,base.group_user,1,1,1,1
access_res_partner_nsta_mid,access.res.partner_nsta_mid,model_res_partner_nsta_mid,base.group_user,1,1,1,1
access_res_partner_nsba_na_,access.res.partner_nsba_na_,model_res_partner_nsba_na_,base.group_user,1,1,1,1
access_res_partner_ncst,access.res.partner_ncst,model_res_partner_ncst,base.group_user,1,1,1,1
access_res_partner_ncpta_nc_,access.res.partner_ncpta_nc_,model_res_partner_ncpta_nc_,base.group_user,1,1,1,1
access_res_partner_napt_na_,access.res.partner_napt_na_,model_res_partner_napt_na_,base.group_user,1,1,1,1
access_res_partner_napt,access.res.partner_napt,model_res_partner_napt,base.group_user,1,1,1,1
access_res_partner_msboa_mn_,access.res.partner_msboa_mn_,model_res_partner_msboa_mn_,base.group_user,1,1,1,1
access_res_partner_mnapt_mn_,access.res.partner_mnapt_mn_,model_res_partner_mnapt_mn_,base.group_user,1,1,1,1
access_res_partner_mapt_mo_,access.res.partner_mapt_mo_,model_res_partner_mapt_mo_,base.group_user,1,1,1,1
access_res_partner_mapt_mi_,access.res.partner_mapt_mi_,model_res_partner_mapt_mi_,base.group_user,1,1,1,1
access_res_partner_kspta_ks_,access.res.partner_kspta_ks_,model_res_partner_kspta_ks_,base.group_user,1,1,1,1
access_res_partner_ipta_ia_,access.res.partner_ipta_ia_,model_res_partner_ipta_ia_,base.group_user,1,1,1,1
access_res_partner_iapt_il_,access.res.partner_iapt_il_,model_res_partner_iapt_il_,base.group_user,1,1,1,1
access_res_partner_iapt_id_,access.res.partner_iapt_id_,model_res_partner_iapt_id_,base.group_user,1,1,1,1
access_res_partner_gcapt_tx_,access.res.partner_gcapt_tx_,model_res_partner_gcapt_tx_,base.group_user,1,1,1,1
access_res_partner_gapt_ga_,access.res.partner_gapt_ga_,model_res_partner_gapt_ga_,base.group_user,1,1,1,1
access_res_partner_fpta_ctd,access.res.partner_fpta_ctd,model_res_partner_fpta_ctd,base.group_user,1,1,1,1
access_res_partner_ctaa,access.res.partner_ctaa,model_res_partner_ctaa,base.group_user,1,1,1,1
access_res_partner_cspta_co_,access.res.partner_cspta_co_,model_res_partner_cspta_co_,base.group_user,1,1,1,1
access_res_partner_crtc_wa_,access.res.partner_crtc_wa_,model_res_partner_crtc_wa_,base.group_user,1,1,1,1
access_res_partner_cptc_cn_,access.res.partner_cptc_cn_,model_res_partner_cptc_cn_,base.group_user,1,1,1,1
access_res_partner_chapter_meeting_1,access.res.partner_chapter_meeting_1,model_res_partner_chapter_meeting_1,base.group_user,1,1,1,1
access_res_partner_cgcs,access.res.partner_cgcs,model_res_partner_cgcs,base.group_user,1,1,1,1
access_res_partner_casto_ca_,access.res.partner_casto_ca_,model_res_partner_casto_ca_,base.group_user,1,1,1,1
access_res_partner_casbo_ca_,access.res.partner_casbo_ca_,model_res_partner_casbo_ca_,base.group_user,1,1,1,1
access_res_partner_business_unit,access.res.partner_business_unit,model_res_partner_business_unit,base.group_user,1,1,1,1
access_res_partner_buying_role,access.res.partner_buying_role,model_res_partner_buying_role,base.group_user,1,1,1,1
access_res_partner_what_type_of_support,access.res.partner_what_type_of_support,model_res_partner_what_type_of_support,base.group_user,1,1,1,1
